{
    "GB": 102.764659,
    "DE": 36.527825,
    "IE": 27.277767,
    "US": 8.267019,
    "FR": 2.152997,
    "SE": 783021,
    "BE": 743423,
    "AT": 689996,
    "null": 65600,
    "NL": 27406,
    "CA": 26388,
    "ES": 7667,
    "BR": 763
}