{
    "GB": 1216.125851,
    "DE": 463.595588,
    "IE": 375.046693,
    "US": 130.454456,
    "null": 128649768,
    "FR": 87768522,
    "CA": 8476538,
    "SE": 5876354,
    "CN": 1805655,
    "BE": 1315653,
    "NL": 549003,
    "HK": 204015,
    "SG": 152981,
    "JP": 2230
}