{
    "Sensibo Sky": -0.16532012630969914,
    "Blink Mini": 0.08524202589671626,
    "Lepro Bulb": 2.4113712983255944,
    "Arlo Cam": 0.37606188039599014,
    "Switchbot Mini 1": -0.05788900336524598,
    "Alexa Kettle": 0.5871561963237513,
    "Ring Cam": 2.4866018503728933,
    "VTech Baby Cam": 0.3351888627814687,
    "Roomba Cleaner": 3.41972465012984,
    "Echodot4": 0.0017378331984168778,
    "Boifun Baby Cam": 3.9794848079556515,
    "Petsafe Feeder": 2.5413495364034473,
    "Furbo Dog Cam": 5.308687544255599,
    "Echodot5": -0.010889317492194591,
    "Eufy Cleaner": 0.7806305918700999,
    "Tapo SmartPlug": 2.499413754863276,
    "Netatmo Station": 0.09326886488625033,
    "Wyze Cam": 5.1318567551080685,
    "Wiz Bulb": 3.043653828248326,
    "Switchbot Mini 2": -0.06195406988115519,
    "Govee Light": -0.31950178754886893,
    "Nest Doorbell": 0.6911861301036653,
    "Yeelight Bulb": 2.255831906701494,
    "Nest Cam": -0.4035034005262774,
    "Aqara Hub": 1.7868905130160078,
    "Meross Door": 2.879629845788046,
    "Ecovacs Cleaner": -0.12045926046504224,
    "Geree Doorbell": 2.7472245116188847,
    "Withings Body Pressure": -3.0,
    "OKP Cleaner": 2.218383920383433,
    "Ring Chime": 0.2520316664498082,
    "Reolink Doorbell": 0.002997481994727029
}